{
  "accuracy": [
    0.21794117987155914,
    0.5661764740943909,
    0.7511764764785767,
    0.8317646980285645,
    0.9129411578178406,
    0.9532352685928345,
    0.9844117760658264,
    0.9926470518112183
  ],
  "loss": [
    2.0470898151397705,
    1.1909890174865723,
    0.7295157313346863,
    0.49218007922172546,
    0.27921262383461,
    0.15522848069667816,
    0.07445503771305084,
    0.04839914292097092
  ],
  "val_accuracy": [
    0.32499998807907104,
    0.3616666793823242,
    0.40666666626930237,
    0.3400000035762787,
    0.3633333444595337,
    0.3583333194255829,
    0.3499999940395355,
    0.3583333194255829
  ],
  "val_loss": [
    1.8020148277282715,
    1.59286630153656,
    1.796583890914917,
    2.2611050605773926,
    2.582867383956909,
    2.679090738296509,
    2.8040027618408203,
    2.9627206325531006
  ],
  "learning_rate": [
    0.0010000000474974513,
    0.0010000000474974513,
    0.0010000000474974513,
    0.0010000000474974513,
    0.0010000000474974513,
    0.0005000000237487257,
    0.0005000000237487257,
    0.0005000000237487257
  ]
}